{"cameraMode":{"drawMode":0,"name":"Shaded","section":"Shading Mode"},"sceneLighting":false,"audioPlay":false,"sceneViewState":{"m_AlwaysRefresh":false,"showFog":true,"showSkybox":false,"showFlares":true,"showImageEffects":true,"showParticleSystems":true,"showVisualEffectGraphs":true,"m_FxEnabled":true},"in2DMode":false,"pivot":{"x":-76.61681365966797,"y":55.51029586791992,"z":-43.61097717285156},"rotation":{"x":-0.0038752369582653047,"y":0.9968014359474182,"z":0.006797426845878363,"w":0.07934509217739105},"size":53.26218795776367,"orthographic":false}