{"cameraMode":{"drawMode":0,"name":"Shaded","section":"Shading Mode"},"sceneLighting":true,"audioPlay":false,"sceneViewState":{"m_AlwaysRefresh":false,"showFog":true,"showSkybox":true,"showFlares":true,"showImageEffects":true,"showParticleSystems":true,"showVisualEffectGraphs":true,"m_FxEnabled":true},"in2DMode":false,"pivot":{"x":6.158090591430664,"y":-3.3757517337799074,"z":3.102759599685669},"rotation":{"x":0.44061967730522158,"y":0.006353416014462709,"z":-0.003082999959588051,"w":0.8976475596427918},"size":3.627094268798828,"orthographic":false}