{"cameraMode":{"drawMode":0,"name":"Shaded","section":"Shading Mode"},"sceneLighting":true,"audioPlay":false,"sceneViewState":{"m_AlwaysRefresh":false,"showFog":true,"showSkybox":true,"showFlares":true,"showImageEffects":true,"showParticleSystems":true,"showVisualEffectGraphs":true,"m_FxEnabled":true},"in2DMode":false,"pivot":{"x":2.6649670600891115,"y":3.6880106925964357,"z":3.3075151443481447},"rotation":{"x":0.4260540306568146,"y":0.18399319052696229,"z":-0.08893035352230072,"w":0.8812934756278992},"size":3.627094268798828,"orthographic":false}