{"cameraMode":{"drawMode":0,"name":"Shaded","section":"Shading Mode"},"sceneLighting":true,"audioPlay":false,"sceneViewState":{"m_AlwaysRefresh":false,"showFog":true,"showSkybox":true,"showFlares":true,"showImageEffects":true,"showParticleSystems":true,"showVisualEffectGraphs":true,"m_FxEnabled":true},"in2DMode":false,"pivot":{"x":2.3881282806396486,"y":-18.96311378479004,"z":7.768960952758789},"rotation":{"x":0.5985982418060303,"y":-0.03867412358522415,"z":0.024806350469589235,"w":0.7996858954429627},"size":17.56868553161621,"orthographic":false}